<?xml version="1.0" encoding="UTF-8"?>
<jcr:root xmlns:sling="http://sling.apache.org/jcr/sling/1.0" xmlns:cq="http://www.day.com/jcr/cq/1.0" xmlns:jcr="http://www.jcp.org/jcr/1.0" xmlns:nt="http://www.jcp.org/jcr/nt/1.0"
    jcr:primaryType="nt:unstructured"
    sling:resourceType="cq/gui/components/authoring/dialog">
    <content
        jcr:primaryType="nt:unstructured"
        sling:resourceType="granite/ui/components/foundation/container">
        <layout
            jcr:primaryType="nt:unstructured"
            sling:resourceType="granite/ui/components/foundation/layouts/tabs"
            type="nav"/>
        <items jcr:primaryType="nt:unstructured">
            <india
                jcr:primaryType="nt:unstructured"
                jcr:title="India"
                sling:resourceType="granite/ui/components/foundation/section">
                <layout
                    jcr:primaryType="nt:unstructured"
                    sling:resourceType="granite/ui/components/foundation/layouts/fixedcolumns"/>
                <items jcr:primaryType="nt:unstructured">
                    <column
                        jcr:primaryType="nt:unstructured"
                        sling:resourceType="granite/ui/components/foundation/container">
                        <items jcr:primaryType="nt:unstructured">
                            <fieldset
                                jcr:primaryType="nt:unstructured"
                                jcr:title="India Dashboard"
                                sling:resourceType="granite/ui/components/foundation/form/fieldset">
                                <layout
                                    jcr:primaryType="nt:unstructured"
                                    sling:resourceType="granite/ui/components/foundation/layouts/fixedcolumns"/>
                                <items jcr:primaryType="nt:unstructured">
                                    <column
                                        jcr:primaryType="nt:unstructured"
                                        sling:resourceType="granite/ui/components/foundation/container">
                                        <items jcr:primaryType="nt:unstructured">
                                            <pages
                                                jcr:primaryType="nt:unstructured"
                                                sling:resourceType="granite/ui/components/foundation/form/multifield"
                                                class="full-width"
                                                fieldDescription="Click '+' to add a new page"
                                                fieldLabel="URLs">
                                                <field
                                                    jcr:primaryType="nt:unstructured"
                                                    sling:resourceType="granite/ui/components/foundation/form/fieldset"
                                                    acs-commons-nested=""
                                                    name="./myUserSubmenu">
                                                    <layout
                                                        jcr:primaryType="nt:unstructured"
                                                        sling:resourceType="granite/ui/components/foundation/layouts/fixedcolumns"
                                                        method="absolute"/>
                                                    <items jcr:primaryType="nt:unstructured">
                                                        <column
                                                            jcr:primaryType="nt:unstructured"
                                                            sling:resourceType="granite/ui/components/foundation/container">
                                                            <items jcr:primaryType="nt:unstructured">
                                                                <segments
                                                                    jcr:primaryType="nt:unstructured"
                                                                    sling:resourceType="granite/ui/components/foundation/form/select"
                                                                    fieldLabel="Select Segment"
                                                                    multiple="{Boolean}true"
                                                                    name="./condId">
                                                                    <items jcr:primaryType="nt:unstructured">
                                                                        <left
                                                                            jcr:primaryType="nt:unstructured"
                                                                            text="Asia"
                                                                            value="8EA1006"/>
                                                                        <right
                                                                            jcr:primaryType="nt:unstructured"
                                                                            text="EMEA"
                                                                            value="FF61005"/>
                                                                        <center
                                                                            jcr:primaryType="nt:unstructured"
                                                                            text="Global"
                                                                            value="CB31020"/>
                                                                    </items>
                                                                </segments>
                                                                <layout
                                                                    jcr:primaryType="nt:unstructured"
                                                                    sling:resourceType="granite/ui/components/foundation/form/select"
                                                                    fieldLabel="Layout"
                                                                    name="./layout">
                                                                    <items jcr:primaryType="nt:unstructured">
                                                                        <left
                                                                            jcr:primaryType="nt:unstructured"
                                                                            text="Text on Left and Image on Right"
                                                                            value="text-left"/>
                                                                        <right
                                                                            jcr:primaryType="nt:unstructured"
                                                                            text="Text on right and Image on Left"
                                                                            value="text-right"/>
                                                                        <center
                                                                            jcr:primaryType="nt:unstructured"
                                                                            text="Full Bleed Image"
                                                                            value="full-bleed"/>
                                                                    </items>
                                                                </layout>
                                                                <articlePath
                                                                    jcr:primaryType="nt:unstructured"
                                                                    sling:resourceType="granite/ui/components/foundation/form/pathbrowser"
                                                                    fieldLabel="Target Article Link"
                                                                    name="./articleLink"
                                                                    rootPath="/content"/>
                                                                <category
                                                                    jcr:primaryType="nt:unstructured"
                                                                    sling:resourceType="granite/ui/components/foundation/form/select"
                                                                    fieldLabel="Override Category"
                                                                    name="./category">
                                                                    <items jcr:primaryType="nt:unstructured">
                                                                        <op1
                                                                            jcr:primaryType="nt:unstructured"
                                                                            text="Family"
                                                                            value="Family"/>
                                                                        <op2
                                                                            jcr:primaryType="nt:unstructured"
                                                                            text="Corporate"
                                                                            value="Corporate"/>
                                                                        <op3
                                                                            jcr:primaryType="nt:unstructured"
                                                                            text="Personal"
                                                                            value="Personal"/>
                                                                    </items>
                                                                </category>
                                                                <title
                                                                    jcr:primaryType="nt:unstructured"
                                                                    sling:resourceType="granite/ui/components/foundation/form/textfield"
                                                                    fieldLabel="Override Title"
                                                                    name="./title"/>
                                                                <imagepathfield
                                                                    jcr:primaryType="nt:unstructured"
                                                                    sling:resourceType="granite/ui/components/coral/foundation/form/pathfield"
                                                                    fieldLabel="Image for overriding the aricle image"
                                                                    name="./supportingImage/fileReference"
                                                                    rootPath="/content/dam"
                                                                    value="Default"/>
                                                                <text
                                                                    jcr:primaryType="nt:unstructured"
                                                                    sling:resourceType="cq/gui/components/authoring/dialog/richtext"
                                                                    fieldLabel="Abstract (Limit this to a sentence or two)"
                                                                    name="./text"
                                                                    useFixedInlineToolbar="{Boolean}true">
                                                                    <uiSettings jcr:primaryType="nt:unstructured">
                                                                        <cui jcr:primaryType="nt:unstructured">
                                                                            <inline
                                                                                jcr:primaryType="nt:unstructured"
                                                                                toolbar="[format#bold,format#italic,format#underline,links#modifylink,links#unlink,subsuperscript#subscript,subsuperscript#superscript,misctools#specialchars,#paraformat,#justify,#lists]">
                                                                                <popovers jcr:primaryType="nt:unstructured">
                                                                                    <justify
                                                                                        jcr:primaryType="nt:unstructured"
                                                                                        items="[justify#justifyleft,justify#justifyright,justify#justifycenter]"
                                                                                        ref="justify"/>
                                                                                    <lists
                                                                                        jcr:primaryType="nt:unstructured"
                                                                                        items="[lists#unordered,lists#ordered,lists#outdent,lists#indent]"
                                                                                        ref="lists"/>
                                                                                    <paraformat
                                                                                        jcr:primaryType="nt:unstructured"
                                                                                        items="paraformat:getFormats:paraformat-pulldown"
                                                                                        ref="paraformat"/>
                                                                                </popovers>
                                                                            </inline>
                                                                        </cui>
                                                                    </uiSettings>
                                                                    <rtePlugins jcr:primaryType="nt:unstructured">
                                                                        <subsuperscript
                                                                            jcr:primaryType="nt:unstructured"
                                                                            features="*"/>
                                                                        <misctools
                                                                            jcr:primaryType="nt:unstructured"
                                                                            features="*">
                                                                            <specialCharsConfig jcr:primaryType="nt:unstructured">
                                                                                <chars jcr:primaryType="nt:unstructured">
                                                                                    <copyright
                                                                                        jcr:primaryType="nt:unstructured"
                                                                                        entity="&amp;#169;"/>
                                                                                    <trademark
                                                                                        jcr:primaryType="nt:unstructured"
                                                                                        entity="&amp;#8482;"/>
                                                                                    <registered
                                                                                        jcr:primaryType="nt:unstructured"
                                                                                        entity="&amp;#174;"/>
                                                                                    <emDash
                                                                                        jcr:primaryType="nt:unstructured"
                                                                                        entity="&amp;#8212;"/>
                                                                                    <pound
                                                                                        jcr:primaryType="nt:unstructured"
                                                                                        entity="&amp;#163;"/>
                                                                                    <nbsp
                                                                                        jcr:primaryType="nt:unstructured"
                                                                                        entity="&amp;#160;"/>
                                                                                </chars>
                                                                            </specialCharsConfig>
                                                                        </misctools>
                                                                        <links jcr:primaryType="nt:unstructured">
                                                                            <linkDialogConfig
                                                                                jcr:primaryType="nt:unstructured"
                                                                                height="{Long}316">
                                                                                <linkAttributes jcr:primaryType="cq:WidgetCollection">
                                                                                    <linkAdvanced/>
                                                                                </linkAttributes>
                                                                            </linkDialogConfig>
                                                                        </links>
                                                                        <edit
                                                                            jcr:primaryType="nt:unstructured"
                                                                            defaultPasteMode="plaintext"
                                                                            stripHtmlTags="{Boolean}true"/>
                                                                        <spellcheck
                                                                            jcr:primaryType="nt:unstructured"
                                                                            features="*"/>
                                                                        <findreplace
                                                                            jcr:primaryType="nt:unstructured"
                                                                            features="*"/>
                                                                        <styles
                                                                            jcr:primaryType="nt:unstructured"
                                                                            features="*">
                                                                            <styles jcr:primaryType="cq:WidgetCollection">
                                                                                <plainSpan
                                                                                    jcr:primaryType="nt:unstructured"
                                                                                    cssName="defaultSpan"
                                                                                    text="Default (add span tag)"/>
                                                                                <lead
                                                                                    jcr:primaryType="nt:unstructured"
                                                                                    cssName="lead"
                                                                                    text="Lead"/>
                                                                            </styles>
                                                                        </styles>
                                                                        <paraformat
                                                                            jcr:primaryType="nt:unstructured"
                                                                            features="*">
                                                                            <formats jcr:primaryType="nt:unstructured">
                                                                                <default_p
                                                                                    jcr:primaryType="nt:unstructured"
                                                                                    description="Paragraph"
                                                                                    tag="p"/>
                                                                                <default_h1
                                                                                    jcr:primaryType="nt:unstructured"
                                                                                    description="Heading 1"
                                                                                    tag="h1"/>
                                                                                <default_h2
                                                                                    jcr:primaryType="nt:unstructured"
                                                                                    description="Heading 2"
                                                                                    tag="h2"/>
                                                                                <default_h3
                                                                                    jcr:primaryType="nt:unstructured"
                                                                                    description="Heading 3"
                                                                                    tag="h3"/>
                                                                                <default_h4
                                                                                    jcr:primaryType="nt:unstructured"
                                                                                    description="Heading 4"
                                                                                    tag="h4"/>
                                                                                <default_h5
                                                                                    jcr:primaryType="nt:unstructured"
                                                                                    description="Heading 5"
                                                                                    tag="h5"/>
                                                                                <default_h6
                                                                                    jcr:primaryType="nt:unstructured"
                                                                                    description="Heading 6"
                                                                                    tag="h6"/>
                                                                            </formats>
                                                                        </paraformat>
                                                                    </rtePlugins>
                                                                </text>
                                                            </items>
                                                        </column>
                                                    </items>
                                                </field>
                                            </pages>
                                        </items>
                                    </column>
                                </items>
                            </fieldset>
                        </items>
                    </column>
                </items>
            </india>
        </items>
    </content>
</jcr:root>
